{
    "loss": 1.3171226978302002,
    "accuracy": 0.85579514503479
}