{
    "loss": 0.6745891571044922,
    "accuracy": 0.9272237420082092
}