{
    "loss": 5.904658794403076,
    "accuracy": 0.7277628183364868
}